mtime,U0,U1,U2,U3,U4,U5,U6,U7,U8,U9,Ua,Ub,Uc,Ud,Ue,Uf,Ug,Uh,Ui,Uj,Uk,Ul,Um,Un,Uo,Up,Uq,Ur,Us,Ut,Uu,Uv,Uw,Ux,Uy
2020-10-10T00:05,425857,359604,181273,153659,49106,178933,212887,75332,253871,181848,245170,92579,78719,208457,461008,290287,168849,111913,386266,191290,38661,284710,542439,415073,240974,12942,48255,492679,437604,38125,385791,367041,228912,203331,282668
2020-10-10T00:10,476774,450398,521087,10236,277470,305956,41220,115084,62032,60118,281025,330790,233747,339499,29356,148378,133515,331849,153311,532132,532090,205563,96979,469178,246049,150942,115102,514638,314389,497319,152156,36347,535892,521980,539166
2020-10-10T00:15,349558,55604,373518,317557,369035,318347,475573,179982,268765,497712,212790,43556,5435,98188,231735,17713,49083,60333,198017,15640,316094,440183,329589,468768,215575,231549,212543,31449,145298,330965,68940,344849,100665,255884,480512
2020-10-10T00:20,517590,166280,448517,487993,182471,546183,285143,447450,14489,35596,546382,46088,473319,94010,56403,471878,46420,303153,239170,413247,111551,19729,323311,544549,425933,165756,116208,166258,255641,231729,59526,343718,442778,185260,545513
2020-10-10T00:25,31928,24152,334636,180919,349517,539079,359206,137560,243055,12115,204038,195502,273297,311985,116172,308412,180789,430725,323676,409019,376559,339297,480896,442406,202982,109462,477087,350887,350047,199845,160927,22705,89382,14666,364705
2020-10-10T00:30,434272,686,457771,299661,42247,376059,471620,52489,467554,530027,250362,165310,111391,533432,77812,127587,213823,442675,47752,8418,59748,430830,431270,32336,288486,187042,456520,119224,360649,67443,86592,121210,362018,6505,212207
2020-10-10T00:35,244691,419502,531404,105425,149121,56511,96984,320413,245704,285298,452067,281967,233885,239759,373060,306429,496304,524509,412730,54715,169847,185520,518646,133475,530620,163003,7705,317498,88333,266522,482848,287446,533997,508022,42890
2020-10-10T00:40,475562,270941,457097,305143,493812,523375,69019,172044,147165,98284,471898,358414,204396,315112,20990,151960,285642,418593,464087,405809,478093,393068,37910,467671,150701,367133,117992,92829,6220,250746,313355,450088,44663,36090,226715
2020-10-10T00:45,32305,430784,83005,356261,31014,376254,36255,268010,523479,419347,67805,486498,518308,363154,340538,280081,151082,147973,30285,243545,465829,227035,20031,359095,184283,42331,357719,482042,27037,278344,133929,9416,192143,258448,5709
2020-10-10T00:50,253644,367778,542815,406535,357825,255411,179272,160328,278797,169744,438960,532821,23379,57065,305049,14891,414104,4511,231694,150621,408710,86061,55117,379199,528168,412243,501003,167504,502967,355348,457581,35936,360191,279144,174385
2020-10-10T00:55,301800,259113,161227,528061,495177,238897,322760,223648,188086,311444,340749,256232,433599,470012,146934,206671,462847,547047,354301,102383,217876,273891,109534,104869,57244,294697,277143,204479,486964,36005,440839,502938,238085,87837,209864
2020-10-10T01:00,57816,317117,306914,274181,372120,354977,252306,148062,340944,495427,370106,158550,332135,20227,107621,474507,370395,543602,519178,50887,498630,227366,188835,165094,248291,432956,20360,250081,447967,400476,441515,291748,358927,462274,97768
2020-10-10T01:05,132529,453584,369555,490595,45542,385240,218923,243786,365663,446781,74889,281465,212813,498707,308684,381028,336224,481635,491895,161913,537085,512511,428085,444802,66997,396586,29206,33995,21480,206949,147845,163229,110234,169800,86746
2020-10-10T01:10,400630,525690,37748,508527,232501,150148,244883,63960,255479,67755,437224,21005,144557,240133,359431,187260,521374,537116,423928,468551,147879,396271,200903,533236,272354,197786,99718,295618,275789,349996,25479,547622,364415,142807,85391
2020-10-10T01:15,464065,400375,486306,292658,437897,547138,62513,99478,25037,14989,94964,92933,430575,77712,87096,185400,245354,446502,281412,501895,400566,536561,440160,379564,520771,351917,545737,459941,1429,176494,257642,186623,310668,292144,208230
2020-10-10T01:20,249321,236086,177213,147579,203745,369423,368224,469087,435890,285675,213281,478361,115688,122537,163166,372774,440888,493859,361922,431840,395610,369735,374447,344861,313264,12275,424072,36032,343839,82798,223501,181855,415841,285813,169931
2020-10-10T01:25,322486,211519,397461,54433,185367,404729,73098,41316,212252,310433,353562,158793,442594,83131,47146,496115,121075,261366,324467,277325,219107,281061,317882,512729,372839,54354,463873,407552,353930,425946,400565,359911,258192,208164,179097
2020-10-10T01:30,238513,71367,106717,332399,339411,123437,275340,379745,512516,542160,547280,308628,154669,371615,396347,22663,534127,299320,350672,108767,185326,489503,469221,374522,158553,55259,285111,325793,408876,162340,385212,441987,249900,512216,253522
2020-10-10T01:35,354582,229482,458462,10391,131610,505560,438999,496244,342825,256308,525023,448325,234647,519074,357341,231162,124882,146231,98030,30774,256823,489181,130366,490940,520979,328674,105100,409683,230524,404116,195862,361769,339776,421397,217278
2020-10-10T01:40,55628,96387,31815,374353,244123,443108,108558,118590,135147,530647,392005,397,513239,449425,196109,253757,417934,119481,136080,142328,100015,119770,439079,126729,423189,76145,56236,319113,8108,144844,22791,278060,369841,217640,211591
2020-10-10T01:45,519760,131809,277339,542931,361263,386041,279771,512798,513865,483132,202373,541736,17081,544582,438922,293073,353602,285807,52818,24666,138545,443902,16390,195099,385700,312549,164633,411328,492425,471624,540931,119211,498907,106295,509708
2020-10-10T01:50,346377,126266,83288,427000,2841,351816,148813,415238,103143,376537,224562,443795,475589,307752,194504,11799,277452,535745,177275,367140,207099,426,12029,135330,11354,276394,457028,197208,213122,297516,435294,462039,97961,176511,118570
2020-10-10T01:55,136922,135946,17652,96449,143985,515334,454413,35154,289818,413549,420147,496454,126528,466662,221909,313171,369506,298903,88779,466630,378463,186454,416884,25204,204786,152541,509515,447078,150889,501635,115414,5489,535834,365414,235207
2020-10-10T02:00,547768,404125,254964,224096,316007,537985,403083,330604,366814,389994,320159,344994,69924,100725,433921,190654,149382,415426,37426,104465,318205,527625,281932,325745,250701,271873,98331,131118,122165,358176,160524,20943,365683,104314,465853
2020-10-10T02:05,494365,113937,110821,311058,519499,231313,4742,354411,339702,405549,171530,131570,256392,255481,243831,336604,241337,29458,398130,516749,178318,316937,216950,447876,89433,318217,47551,461199,305850,315461,508017,36021,178399,357669,58973
2020-10-10T02:10,79350,119928,147535,191225,206115,470223,453893,396976,327452,215605,1895,228491,28655,66006,406335,136677,479551,138339,478436,482531,106397,48525,467484,132085,494422,65146,132135,183028,68898,347488,245065,171497,453017,496831,503344
2020-10-10T02:15,311819,70866,335284,444657,354790,310581,39008,424892,335348,316348,230708,364780,287513,116371,40103,412394,370616,345661,184137,108360,239483,222222,394141,489578,422895,433933,4710,476192,426140,23251,328115,180299,149888,462773,387631
2020-10-10T02:20,501815,349903,10572,155725,467693,231015,74622,540875,177234,249543,59624,389855,18552,165713,7264,61814,93385,374241,68415,140051,56751,409789,124174,408737,457545,233601,156117,424812,476783,436688,307896,185537,179671,140507,535491
2020-10-10T02:25,192418,244964,165565,113215,325605,377586,72004,295776,16575,93658,411083,447245,493049,164514,441127,222150,398485,128408,28923,161781,130795,378092,506222,229940,14046,365026,111988,412183,82302,158818,391332,135984,117009,388151,40000
2020-10-10T02:30,326377,478035,90438,291536,192089,222522,173244,492560,3413,108616,55644,548472,314320,168497,266862,196472,191433,481672,326684,122977,169921,208613,212488,380790,206561,427956,533462,533889,310498,14774,536282,407335,376310,424921,151697
2020-10-10T02:35,513747,141792,112123,162984,409723,82675,533041,258773,145230,28468,66421,162139,509915,197737,343274,354633,18184,277135,396309,131390,233804,43830,181818,312083,212637,467823,505076,448719,332952,296467,3997,386131,93071,417187,543429
2020-10-10T02:40,382845,335407,196163,335611,292084,113791,383222,229727,118306,183727,482976,272393,296530,429531,101234,19899,150054,203735,49989,210000,322149,198170,399938,115308,470594,522928,189860,326065,348914,248312,12381,84928,458754,309560,387030
2020-10-10T02:45,138522,332273,298804,451405,139021,493923,358541,11662,286706,183450,532731,237851,346372,106922,346863,6177,214959,326576,132774,191628,176252,266456,415649,425807,198350,136167,451207,380377,306952,454305,185235,136683,213987,123226,106606
2020-10-10T02:50,114695,446703,95728,26739,369940,257215,51360,289671,359315,350759,312601,34048,163841,541782,232823,539762,305775,425732,349995,318399,341602,15798,183535,459499,131824,278525,541649,49747,167914,382092,111297,159579,155255,430250,475658
2020-10-10T02:55,498601,143950,406932,89935,373558,434615,367720,180945,527022,398742,356529,425245,19144,188052,460573,90351,525275,517847,262040,35739,530466,305675,382688,166261,38713,430777,457182,508997,34236,477594,38160,152610,228223,539458,337695
2020-10-10T03:00,242419,348266,48218,372318,249482,504041,281619,363654,110701,497559,17656,542919,486624,19686,353710,105696,110647,388094,166747,397445,182940,73572,26595,63145,153163,342303,84441,377040,482893,341722,223101,325065,457297,549548,247296
2020-10-10T03:05,292172,389346,258497,268936,311877,237850,444161,327850,79279,454843,87742,484125,434032,326203,65070,447010,142306,283804,237746,429568,313584,220224,437001,141851,458018,226707,262748,13020,160488,269039,166719,372686,423276,163427,548253
2020-10-10T03:10,525857,309893,530428,160737,544663,109958,473795,32568,236491,186032,177153,324528,132211,161923,61983,506576,289364,240301,222460,7289,41654,459847,204917,213474,363827,541393,9395,344426,476142,139254,459793,217047,11568,106174,222309
2020-10-10T03:15,321462,66386,376480,27604,246828,228299,9014,217019,266712,256300,210762,483242,477041,119922,132587,259507,268685,326896,104624,257613,279778,84112,490249,385673,168336,257756,480946,59301,337861,122033,282594,10609,285692,325925,148836
2020-10-10T03:20,375558,112428,457679,374221,91665,133953,350309,33115,481793,216650,405881,399953,310455,43667,320712,359885,28338,359540,429069,548486,216337,127617,216268,96365,172161,540595,162888,115505,12521,499120,278847,472259,283860,369122,176230
2020-10-10T03:25,88948,35705,44039,415465,142096,126483,544002,219571,203777,423160,500964,314779,178785,409480,444782,489425,232620,1912,185779,484304,48939,486203,367460,63329,394174,32880,411115,77682,402861,237489,517880,532015,413108,371790,509195
2020-10-10T03:30,300270,144679,255983,172116,289897,170351,256286,463210,454647,242831,496740,427259,327126,495159,436085,476619,185778,479751,4685,324047,546433,177,102998,206631,379981,471309,83120,185358,127838,524023,413817,521700,395144,216738,92559
2020-10-10T03:35,172808,101386,170592,277503,278866,110432,304654,107401,104867,457028,108286,534681,12739,245866,238345,298098,79548,16765,463957,248395,466724,270915,100011,353864,319749,494069,523831,418442,28333,406449,240526,268566,513104,135702,1874
2020-10-10T03:40,45696,237558,141943,260131,235388,154338,195813,314181,354179,87186,174411,225004,144538,282599,270712,236538,191704,517373,119518,451791,396181,26501,130230,520324,352425,467105,208328,425782,164241,329920,468887,349042,408330,223407,446034
2020-10-10T03:45,488657,10967,198094,507531,116232,144494,420801,266802,184306,247881,419256,17857,477229,447708,39329,377399,232006,390245,520381,23504,136212,244914,513739,66048,415834,465093,425911,94639,277519,4914,434765,83701,541029,90236,174643
2020-10-10T03:50,336972,502602,265766,110134,217187,52509,98999,113976,434997,183978,261444,488333,75060,280972,135474,499634,318655,421873,535790,400141,103857,266252,404703,26639,96608,313071,402784,241340,276302,535377,259255,333476,471523,267442,254327
2020-10-10T03:55,11462,496792,139284,365960,86291,89378,447207,106650,537649,158284,274179,140589,293697,15404,192468,265667,488525,104966,204132,262685,270948,13614,220844,187871,55129,334421,204239,207899,171022,31056,458804,200346,351415,31537,478955
2020-10-10T04:00,408262,75800,322951,464355,370191,547067,321879,515873,470269,540648,195863,223454,63051,189629,98727,299300,416138,100943,243244,546834,396589,503999,42829,355769,347895,489676,270095,275517,331341,164446,319263,228871,238346,3503,17969
2020-10-10T04:05,352753,536663,351990,322903,142647,334276,417317,532764,222300,429,356813,425283,154432,534420,322948,512716,3813,90273,15038,101935,443735,248908,133323,17443,138319,159384,443863,225821,128406,378984,484563,320058,278235,152495,548211
2020-10-10T04:10,162294,276416,495408,374121,408677,327093,122809,250178,86221,87035,377805,212891,506803,492215,219095,141454,205895,164388,239203,333574,376093,325812,151774,404591,142331,55396,466973,245341,90892,482113,99659,508463,49813,28975,439362
2020-10-10T04:15,1067,432019,169180,270438,359803,536904,94665,489756,405895,261719,201585,431729,433761,23665,304971,164099,512828,91168,514912,16607,255336,204796,162494,320407,499341,477944,360417,421162,449336,108660,171766,422665,417815,268007,341338
2020-10-10T04:20,66016,459666,490459,91103,543819,487262,113310,27234,145103,170912,492577,501105,336514,131138,242517,158581,469753,294615,164339,184932,363665,271440,525148,276374,148325,154476,357436,256290,207814,142426,393901,355879,122733,417361,224433
2020-10-10T04:25,126830,256198,319974,237925,305207,136389,68153,122274,313504,134400,418379,258654,97005,468720,20315,503062,13183,65308,503952,451373,540173,75588,429230,381729,265188,269268,227425,286349,540334,134988,464780,521200,107441,307890,108044
2020-10-10T04:30,80810,205499,34457,247232,20355,469051,501679,426289,48612,417454,58838,489222,260861,205061,18673,412977,314901,206700,34107,203770,441779,126395,112023,80803,461893,33443,531348,50,38213,529018,256385,423961,148213,336419,359824
2020-10-10T04:35,244946,348280,495775,439562,76013,286259,425073,540404,164829,484319,169714,254740,235796,217101,267413,338188,160959,481510,389960,305127,230901,169941,63149,495040,273554,305782,101750,267045,65159,442367,346752,445693,261026,500453,345750
2020-10-10T04:40,221756,349624,167785,457840,334927,24661,236783,501411,531901,531625,457709,109254,337809,270564,38906,144220,300207,225606,138447,368110,382468,254225,191009,525307,398568,81067,506092,394057,193081,527114,370252,271921,342870,180934,253779
2020-10-10T04:45,278197,134038,511514,265484,283745,290249,284298,17232,391896,97926,418211,242590,14102,2630,529823,111496,70248,79845,188607,249688,545237,330942,486849,119696,285831,453382,162217,418221,487903,408719,534009,243143,426314,429763,43007
2020-10-10T04:50,481862,283187,419763,451432,545598,485486,314660,170061,70342,53249,188885,61062,236395,275689,112275,344089,322649,442636,179053,387325,8877,90930,226219,431685,70255,368797,335538,259398,94024,118870,189253,347391,549717,331542,530991
2020-10-10T04:55,450435,539335,276901,233541,513377,238951,13439,493233,40987,342012,180919,228314,478085,326735,376273,115107,236066,228209,475438,375926,452298,485579,448225,292788,516739,437662,307749,139876,57735,43202,269808,511822,128145,90606,246192
2020-10-10T05:00,488522,122836,349098,316756,179964,483259,511005,182345,251627,56111,333398,490528,266348,484023,445236,244936,142568,143368,407863,67492,549324,69078,127146,43754,188592,30005,238247,24288,156037,94365,300324,120331,148477,129982,163336
2020-10-10T05:05,179474,544473,477134,193771,331874,19207,211429,86872,56726,285182,537980,206978,319762,83997,260774,466606,340301,325931,545991,202396,427844,186656,391506,539649,319167,245958,78982,82290,188569,459350,87031,534895,298820,397696,508895
2020-10-10T05:10,166618,359545,232470,496013,383888,351487,510793,373008,441816,37735,336542,15867,470642,368992,78494,218441,486741,278723,264349,482434,356174,71116,190162,126013,301887,301517,499224,480953,52167,148588,470558,203505,23649,33572,186967
2020-10-10T05:15,350949,191703,150445,2826,130259,20526,209759,523378,473515,216449,441331,327606,158004,79081,324980,1559,233366,251025,20907,368013,183834,501283,374682,256250,543559,507938,493348,467242,355498,237774,522893,348161,62043,190781,446361
2020-10-10T05:20,438398,74617,70585,84024,547780,87020,239265,222536,426627,330734,167030,519317,8606,134386,204434,33165,521149,225658,297429,355290,106303,277623,181488,399090,63489,148764,449264,87219,536405,172021,427343,14084,343585,240751,278917
2020-10-10T05:25,486712,413286,454009,394065,496796,46963,246409,368532,147978,89332,536731,434057,335095,229001,42616,47049,313174,473857,122901,355061,65272,318192,104168,44503,173627,317903,140433,478471,94246,261561,393285,352686,108979,540963,409573
2020-10-10T05:30,320646,395007,151401,476565,67059,240358,512714,160813,394887,522989,134626,229697,501472,514193,130984,120050,36395,102358,534316,314176,324877,157634,456190,3976,37599,532584,213802,338757,537865,163411,415871,292022,21442,301152,328542
2020-10-10T05:35,200797,421204,143675,531084,110177,275812,499355,26060,242922,438783,540327,12258,11364,210648,195560,207615,216418,364179,135056,234035,177943,343974,62574,437200,240525,104738,118778,269526,116182,60546,15976,178289,213464,297330,384170
2020-10-10T05:40,55174,21928,373532,513576,522569,126070,254716,180121,196045,527123,436954,511537,407007,493542,184466,462062,369857,28414,230627,129955,101981,277946,153379,417402,82119,20864,387870,412818,153171,222470,57840,315070,237289,448977,205401
2020-10-10T05:45,434624,180381,319235,482626,438072,121233,420389,192191,37562,85922,98046,194193,537938,318668,185388,5628,9723,154250,276404,506451,419370,89197,134334,243065,85748,127621,179187,274579,55861,113285,258058,54697,415801,257782,520726
2020-10-10T05:50,272591,358500,447234,296207,117656,270138,215787,310678,107214,40659,111485,145811,324083,544148,254934,418463,308869,347654,519766,304103,456711,185239,333549,120915,513876,380605,159673,36882,441112,540922,73886,181552,147355,107153,543671
2020-10-10T05:55,15972,527086,523014,469228,188524,58374,177196,149821,368489,346198,458845,130471,279322,302781,509716,413089,433964,460990,387211,473476,394717,495619,496043,314172,199989,452372,381286,298513,510654,168404,216604,218642,344185,336277,282885
2020-10-10T06:00,144604,107222,187039,103291,208859,311353,298456,23484,356761,219951,517542,321180,517695,339056,537589,15016,450986,360062,488546,521322,463728,32600,539849,519668,495703,283091,415719,81142,26000,117405,198487,541641,144444,124555,235841
2020-10-10T06:05,130137,478281,405060,281151,292091,335787,188932,403644,527099,93631,182940,210900,469229,228193,537090,165096,57037,479875,525506,191040,508514,67971,448649,468200,132710,66898,426278,117422,189224,6309,56605,86601,453224,243446,109245
2020-10-10T06:10,243015,157369,156915,135844,10235,105791,168445,226091,374859,16895,292067,485823,279132,306001,146590,220444,309507,500258,149492,482827,177302,348712,258823,93710,61141,248561,329415,447557,96392,516756,196613,372892,207327,414467,350345
2020-10-10T06:15,60351,17429,17212,219289,183336,335140,166818,373420,490087,267941,219556,80929,343402,287468,119719,131214,90832,169402,502122,242455,210567,120237,58773,254442,118882,63091,247866,266013,387025,165033,432989,352183,312111,110116,92438
2020-10-10T06:20,132988,516851,240807,178627,250597,514602,541466,19350,289063,182850,525340,36550,296901,251718,224766,364296,430750,348649,428447,509751,205176,453475,413344,106411,255050,309562,190613,530234,296578,148780,296615,406404,439033,57377,439382
2020-10-10T06:25,180395,469009,270629,256826,398124,205430,538201,406489,121532,433327,205213,305552,205064,287714,490605,440811,301542,493299,197283,404548,319027,313702,499446,481566,239106,286821,73964,263499,156130,139876,223955,385233,31500,219352,17672
2020-10-10T06:30,254427,279541,288353,531829,294381,40075,299758,419787,419031,392247,215641,51865,152246,451138,230390,33992,234015,105123,479709,186712,265315,544864,177579,18579,548635,165166,117070,169700,246383,386217,3705,207170,178944,515862,280120
2020-10-10T06:35,122301,381219,484273,204430,545145,311884,222075,535013,297030,285442,319496,421364,131823,97404,114748,406685,471193,267762,48219,193009,393981,309908,532759,413154,144060,15841,261907,322019,269342,313661,68935,504609,469389,505937,345233
2020-10-10T06:40,113821,109525,29394,150222,173096,474589,442600,413855,292533,394265,459712,273075,29524,478125,99139,18585,285652,81061,166272,311978,300994,242283,188859,42233,29398,380514,260260,64678,126264,286922,408006,224996,340775,390160,294403
2020-10-10T06:45,233087,183876,290419,294863,441829,228765,39736,1569,238468,528996,455666,240150,249610,360622,85548,335195,351439,516463,447526,543448,309473,162844,77125,277458,93710,491032,359554,439779,286513,186496,228585,236967,211781,50295,303757
2020-10-10T06:50,47360,233114,374518,197280,288525,235783,207039,137083,89777,178884,288997,371594,27346,165713,318202,342681,354296,196157,360429,30988,258465,248674,544076,264362,59414,38836,464912,25077,398374,509221,518996,325987,246127,249952,538336
2020-10-10T06:55,324983,113912,475846,147931,333637,482645,364678,46539,481074,420650,388916,260237,156971,238399,533641,111056,384926,299447,533480,452575,347618,331648,157553,193495,444385,275732,298289,432090,119201,96391,429040,143432,383295,153176,79980
2020-10-10T07:00,149238,206072,66682,9717,261371,274354,292474,444789,453940,507769,460143,362389,223194,191542,25063,269985,454567,469954,267033,194427,512129,302476,352412,109501,334017,183843,446837,511867,175720,238688,481512,69057,119495,520158,13674
2020-10-10T07:05,207903,235878,356225,250304,482370,18217,412497,180770,494250,343041,295924,473713,52196,260962,540339,162650,27144,431473,138788,208255,246333,467379,436039,113161,406163,43269,27663,107064,387003,164432,133551,298524,47617,235274,399999
2020-10-10T07:10,151193,484438,8603,12388,88778,329565,56404,255661,107699,500498,37232,282832,324006,392299,164005,547083,327479,464364,55382,107875,490237,57605,488299,406655,174704,274861,133373,416118,172325,507453,205981,521610,412807,427284,344260
2020-10-10T07:15,502852,97211,223375,544340,476335,125876,471598,190664,379661,375474,364598,485968,82505,360133,195390,370989,110166,346612,369543,410412,398793,536998,353568,483323,230896,130682,345770,34577,149466,208961,315740,211547,364270,262250,489741
2020-10-10T07:20,2840,410508,526536,524822,525601,45865,515680,543135,86461,503279,38813,46712,246412,323387,334758,26233,526181,362606,196098,414933,232870,385739,101924,327239,255689,105795,435783,59973,200887,36795,213233,49038,26835,154409,435259
2020-10-10T07:25,9221,487309,492942,22481,307764,146301,535851,304340,431335,238409,62702,446277,371446,456861,7001,193685,439616,420401,310937,202692,285831,372004,203096,332222,183065,271338,26577,176338,297899,130995,138251,448350,197527,237264,292950
2020-10-10T07:30,413180,461841,1245,49779,165291,436969,289395,133004,501439,94608,248018,288944,42003,37118,353921,403859,390144,522201,301658,403941,451486,398446,58821,64762,414322,30307,214328,183073,289989,332353,221444,123625,223580,352683,433422
2020-10-10T07:35,160295,40249,285918,308030,347104,409376,420590,122554,72099,516327,221431,374951,315012,523864,128554,128469,405675,229782,133901,238924,487986,416613,320686,151252,455774,284537,513487,353069,125337,508415,499692,77365,543616,498247,285278
2020-10-10T07:40,95777,64765,526679,63252,426862,271307,419142,374899,215255,514510,33380,351285,280490,271748,279422,3040,56650,397202,368130,543257,463767,283425,221662,332456,77260,361986,252838,434557,448322,217512,333314,311354,122648,369730,106282
2020-10-10T07:45,368426,440332,544761,37398,461722,208950,313874,454187,450424,63749,177836,467779,455313,201147,172875,307958,115695,381956,358183,220577,131893,388674,263959,277601,63345,344131,20654,548114,430728,89397,124520,32834,503434,156125,474886
2020-10-10T07:50,540091,134256,117963,57334,250832,70934,154353,326661,56497,376920,311998,499798,245500,490040,125768,125303,333506,284093,543235,39367,436439,297294,507780,367570,408002,365993,260119,356032,255517,87350,456262,100947,307010,519489,169906
2020-10-10T07:55,529707,266525,103819,13592,284641,372621,234006,95229,471872,50099,440194,376032,522504,236481,329742,511606,428544,500331,407084,345001,398135,451816,427242,499188,58366,313002,311036,358479,426875,36152,157818,321347,441732,257801,377803
2020-10-10T08:00,259512,415627,329850,148490,536065,435776,22297,59800,64411,445230,377218,508740,297331,55719,263604,407725,23685,328412,344632,119534,513686,303341,193739,155837,179454,363943,357130,497677,47943,171454,459619,363373,197165,42085,295627
2020-10-10T08:05,126657,446144,539415,252133,75392,273083,130085,129140,16851,198052,212912,508352,167014,341658,462955,57118,378711,286024,31288,449195,546439,268877,448538,47626,66311,396533,143939,321423,132874,531941,259888,83037,157141,173555,338787
2020-10-10T08:10,80696,380067,293273,393380,531970,40132,185744,191073,321895,548295,248385,214472,392183,259359,487297,411997,508376,186303,231317,165891,246431,185250,258565,386182,337038,450331,351119,535169,265526,132993,469778,197818,248437,63268,380222
2020-10-10T08:15,499152,489164,331730,501453,199056,68733,494144,336201,118131,344746,45396,269271,337242,289273,11379,21812,454114,114305,77982,363118,119833,372789,249150,474714,278458,282328,214983,449917,295447,542359,41459,394076,238287,86534,412519
2020-10-10T08:20,245004,174277,50163,72119,30622,506473,473068,36478,365924,513181,316322,510677,342237,448460,435763,430259,53212,388109,34538,112656,27664,39165,206786,309614,111735,93363,239310,375059,146243,224122,273731,145174,121879,463822,398667
2020-10-10T08:25,522920,134614,68095,423560,504105,13265,415597,126742,489610,401472,119942,302186,506293,357126,140163,138052,80026,333497,272646,267817,42920,45811,483776,66610,218626,386555,351359,182843,526843,151328,57913,425779,514601,306785,88384
2020-10-10T08:30,519723,4140,64341,304393,126034,513542,222225,507378,143101,512342,68065,405662,524245,184915,480583,394177,345927,241302,443549,437868,323130,358805,35770,483536,270180,220026,76921,538689,428109,231365,383525,135099,398259,147519,471291
2020-10-10T08:35,310117,479367,260541,333006,29086,174222,249918,142488,18782,58404,336897,278514,132339,479430,471353,120512,475673,13313,153344,65883,445573,77769,342385,74456,492630,176640,421044,70834,40156,378124,135318,97384,536515,1369,237055
2020-10-10T08:40,415923,388606,83615,271913,357841,211455,185483,395357,235557,132944,506043,69438,14283,338457,434642,110968,14642,345459,193408,139875,342599,398641,67795,51385,29082,397550,341775,14818,507816,53941,292241,135577,110206,93370,293952
2020-10-10T08:45,350528,356385,418480,166796,312270,463688,497850,148500,45678,51697,148042,217202,119400,290060,168370,457130,338573,314451,80130,404207,283200,120928,385165,8239,332521,284950,144668,249867,270640,361624,447276,202605,530554,331487,235023
2020-10-10T08:50,269448,328717,85166,219934,340461,50805,244945,427576,261767,379876,312364,378022,340238,531962,152647,319037,20438,213907,126757,343390,5103,532531,336341,126908,120006,30202,73595,81046,239265,516786,46544,154662,374990,121765,239517
2020-10-10T08:55,50140,307904,397296,270615,136198,285190,526017,170199,156098,390870,504339,178458,59815,32572,387902,307079,80364,40075,370095,68539,10017,157785,98197,288622,267588,372971,23304,401535,281770,239858,1664,217030,294848,330025,467458
2020-10-10T09:00,36924,340606,376576,32864,541885,266511,324763,299389,525314,154515,299717,438699,323887,4534,356634,216762,368078,132111,289185,282063,187452,334924,439883,378632,72135,293978,513409,378848,500281,240529,301818,403168,33362,208884,498178
2020-10-10T09:05,516602,312543,230364,32630,145424,202702,501810,203855,262295,71647,156387,12070,501534,81979,432608,389346,533675,233257,89679,174090,176122,304696,452732,206384,420730,53453,130031,164415,197652,260745,219455,334180,86369,352314,392163
2020-10-10T09:10,101525,42254,491087,197760,297269,411603,18027,409934,432571,159800,300099,434882,208059,233010,480902,182851,246715,240738,460904,180825,125497,476582,183176,133446,141626,106023,116267,289225,494517,522251,334903,145710,90204,61258,438928
2020-10-10T09:15,484784,333620,431989,407463,315626,539129,379267,143898,58942,151520,266089,511745,30211,126764,253290,359683,129685,27413,534596,520033,337164,484170,243742,59963,15679,114544,172364,467553,208447,449132,206078,96982,429623,17979,408621
2020-10-10T09:20,546818,161495,218381,238351,388918,153035,312779,134646,329731,438300,505276,351421,361866,99812,443978,547401,293827,181170,194610,382506,247163,57459,482239,444983,110687,449059,104975,116092,518070,499293,259882,344876,350016,453917,363357
2020-10-10T09:25,353250,325630,493843,490916,342231,108973,330349,150438,473667,198679,458151,369808,416273,291637,452770,139711,407551,227181,268542,294031,40483,193927,62881,547650,523775,318730,152276,217877,256049,215461,549876,332614,82150,337619,530778
2020-10-10T09:30,358319,173543,205540,337411,343706,50796,152937,320259,396668,230850,288705,545954,45690,332574,538319,450163,2045,292350,289393,344166,33155,432067,224801,187291,496084,347940,100958,431489,129929,341486,264248,32921,297137,315063,221312
2020-10-10T09:35,357748,434945,479521,328016,515210,407514,162215,253629,455774,127511,512257,191320,251113,226270,107644,462950,516722,427282,164719,522150,305983,261457,378962,79493,438316,431007,94308,449279,443215,411342,434978,511501,363968,449267,491634
2020-10-10T09:40,469849,351056,537193,491616,460438,107398,452853,297164,464148,526364,413315,233148,168298,73546,68995,340390,193822,385305,453569,161109,24719,493323,14082,499741,63683,327519,6224,195609,225923,43365,259439,273187,445884,183234,132601
2020-10-10T09:45,77666,51767,305317,257002,79812,99824,495397,48755,149332,248849,152115,41534,470295,57988,240765,39823,315050,119960,149476,174689,477429,395205,189170,64980,390463,219083,507691,490631,92180,381583,513316,315595,187180,536481,358102
2020-10-10T09:50,182611,471476,181076,115128,411067,512853,408779,96713,253939,394086,211028,473057,195568,220984,405011,180300,210962,237831,369253,139999,438643,256709,189130,28022,538161,465224,409870,534410,27849,23049,136587,5287,355702,97229,354305
2020-10-10T09:55,97812,254208,358453,428585,250817,182479,81828,39732,294322,151076,404570,214843,275889,24586,139242,393260,396127,284384,70133,348396,366387,544956,42377,217335,399247,523411,425502,45596,405725,388169,247014,478017,79262,413145,48009
2020-10-10T10:00,530964,339293,477349,543968,302963,212346,290170,409566,528914,210636,131958,516956,91282,174982,163752,41736,201862,371683,49453,209756,535020,450396,318034,490588,241632,154794,70748,18755,389951,232313,142442,500516,65520,446113,325630
2020-10-10T10:05,161196,480859,278879,156506,414723,455966,483550,479465,462765,77544,1137,20112,163875,481499,14054,331946,436304,412178,431229,118374,59777,423071,418972,245198,57201,46363,470516,94837,273133,104930,221766,335881,294558,131498,267621
2020-10-10T10:10,119892,340136,380493,512822,171259,220106,428744,250569,265141,268425,539757,108637,148213,14754,204886,29866,430017,210615,471985,179400,326884,479440,173994,96518,306644,51021,68234,448318,73609,90095,207069,547785,532424,342465,151186
2020-10-10T10:15,32591,450059,106410,223347,420039,315465,451241,104500,526925,307893,154699,371845,333582,522051,266556,76111,475743,30557,468476,161071,437274,214956,17375,397042,497049,466512,411863,17520,38467,32782,113951,345351,502301,83193,423547
2020-10-10T10:20,505713,367507,120730,258317,248185,116694,330897,297274,446777,484910,82373,385813,444272,248654,64400,43042,180875,116431,43791,325803,152253,245085,374307,181831,69120,470858,155217,22880,129218,288813,277904,441122,211928,455742,184645
2020-10-10T10:25,184627,289880,177744,486574,289425,293317,313627,16112,494235,145612,345238,315171,253404,75029,342924,208881,384756,484689,72538,351118,54427,31445,490048,8799,263296,444313,256447,417213,482940,404323,197172,131534,45092,345120,511098
2020-10-10T10:30,54557,452506,118490,289406,101708,256345,5071,169822,524219,309217,190613,77895,430118,410421,358511,150845,426444,69954,461284,379340,353982,464386,391577,231757,58609,209976,213625,517845,26136,57351,295233,372117,31119,372072,144702
2020-10-10T10:35,525669,485201,67513,457235,468487,411688,161466,185427,547335,23691,107040,130645,49089,256995,236723,197117,401153,158718,280008,395113,103054,538098,68396,473079,285938,329367,115863,512760,452438,273829,155340,337245,38544,347224,185164
2020-10-10T10:40,324319,277963,365491,145233,60936,101920,417435,369188,190648,339351,287540,110606,187298,492401,104364,50679,273840,240435,169559,180227,460369,196203,545884,445997,537179,17855,301631,496867,130200,86651,164428,359034,454773,495202,228805
2020-10-10T10:45,531096,37743,13503,483808,515914,183080,188197,21831,241293,368857,167877,48499,454529,470627,516276,493226,492458,386060,31728,37751,158023,354728,488288,486783,427836,516156,115642,102843,199340,462443,406125,17557,411771,438882,511832
2020-10-10T10:50,19360,130136,94669,176335,494408,483508,347333,338568,149286,341909,396008,269412,338265,382785,539661,477525,225827,342877,161655,488335,415027,132897,448437,352172,394860,90449,383051,425672,273200,537314,19900,259054,365963,19935,87939
2020-10-10T10:55,341025,222339,17058,379210,544338,163645,199817,416872,339684,63715,134641,495482,470880,546610,361401,282127,333447,198362,218121,395037,318712,495015,398545,47348,382126,92512,359429,249464,495077,39367,146512,463001,122415,285987,135361
2020-10-10T11:00,418172,479919,447716,457038,157783,93112,344999,315802,399107,383464,75272,456237,211644,483759,37867,189996,207591,206530,508673,81100,322711,277926,138024,302435,42897,224633,217691,137877,73631,474734,281399,108736,325423,516666,218755
2020-10-10T11:05,366840,537378,9087,352609,258909,255172,216314,473961,525241,250032,492565,442719,265352,152930,63326,308011,33481,321837,215838,22570,548982,196688,474357,43395,475112,249420,412089,481643,197087,214156,549698,270098,43050,191929,227044
2020-10-10T11:10,485997,84817,317746,413801,127027,52874,132855,171911,535568,486027,18304,426605,186209,301060,155671,64389,93454,405447,475698,511569,494461,515209,182788,48962,397832,200859,500317,368987,256121,137934,194418,431369,512148,102807,236977
2020-10-10T11:15,19908,98169,220634,191966,310492,243139,112885,18326,461454,440553,87939,373625,55296,49023,484870,163677,103108,266898,484510,429099,156828,277910,110566,118931,372399,17547,496898,485994,303014,156755,347089,93874,132004,437072,30690
2020-10-10T11:20,439993,331833,412899,40302,301748,218862,530787,438129,229869,131030,426141,102301,491428,86114,290846,534997,366936,250944,324008,162847,146217,467465,97059,523601,527586,93940,97594,476048,23346,132181,429836,197452,360655,420278,270368
2020-10-10T11:25,546232,463331,70417,9124,195529,274640,143367,413033,109885,406366,147857,203720,178107,339358,59010,473340,14935,184197,223450,309727,398066,413620,490094,21645,525937,338894,151558,224131,154160,518133,320313,77626,40418,432244,242887
2020-10-10T11:30,49224,353865,9097,159255,33919,340802,20894,147289,393579,165225,408968,225681,96663,450617,480303,70603,502834,120770,149641,303714,95950,66168,9724,424163,100323,56327,59459,246718,32231,255202,269687,56046,448224,37700,484965
2020-10-10T11:35,259453,142392,542820,101370,189174,62026,487378,21673,514267,421525,327245,255704,371208,505557,545216,400360,441629,314265,198899,386028,106496,501945,489914,288920,508565,257449,334472,394283,332369,506975,307103,351793,484647,450174,370523
2020-10-10T11:40,396928,164933,15671,368899,148536,499469,217643,497115,275084,104101,182829,534759,252550,390564,90912,493000,184411,525376,136341,76167,453333,456394,378918,136618,261992,376189,214239,202831,297372,368182,414925,54801,204448,39477,283402
2020-10-10T11:45,205796,139139,283366,231203,163134,539758,61220,147825,48817,495243,106877,83167,394874,42312,292078,3268,458842,513050,68334,57910,61584,451984,512660,510709,247869,453361,26130,32665,473677,131608,34939,184215,517700,264389,209428
2020-10-10T11:50,127000,300137,89988,514635,546792,159248,324282,440934,288123,492483,51187,125128,345552,524634,61240,113428,328186,439344,506657,266578,201315,230035,190411,59330,14994,347802,459166,118899,478315,163580,11096,332345,96963,195424,307106
2020-10-10T11:55,164257,309971,233852,191569,465228,9362,388182,135367,342039,8722,10610,113265,534222,198942,473581,139636,489756,271030,32450,525604,185027,301925,15674,486893,530114,523834,11686,144086,539253,10617,222481,265648,464125,367629,270820
2020-10-10T12:00,415730,338173,291854,82984,128892,414496,218054,14786,198514,541746,547583,512479,523229,119748,248036,333816,97388,67374,286002,4918,170009,195299,110823,483741,244560,201308,440597,364285,5686,315940,437161,328087,310509,451615,370258
2020-10-10T12:05,76014,515403,235616,335461,526585,447856,299229,26265,159871,296285,446151,328755,512064,312852,379490,63672,143865,66718,217835,137575,311999,152717,129182,230610,540181,143195,281331,407639,164949,409246,381300,239908,438108,2967,321650
2020-10-10T12:10,179076,355783,141616,276381,307498,498436,399368,90088,531139,158863,490824,547508,76441,373181,522727,243403,58935,302165,148535,290976,396240,441951,515871,436448,224781,177976,504850,235993,530792,242322,246893,198160,284096,547199,178900
2020-10-10T12:15,526373,65263,204903,353285,370281,146185,128246,241285,316241,457331,328207,527397,470468,88914,460214,527173,78114,423923,247993,383610,468997,542972,129886,43660,446077,87215,52292,93956,443016,159536,92235,39894,525047,3008,434902
2020-10-10T12:20,211039,69830,192783,3664,199709,166822,156288,497310,55635,340539,227309,59699,461473,383845,424277,138906,289368,480838,517381,135267,521402,296702,413056,107367,326585,409633,511380,123993,461063,43956,174149,525859,475268,481337,352819
2020-10-10T12:25,398193,109334,284771,250959,67299,58077,285228,119031,296865,349738,168302,144724,401173,140728,69173,219222,9531,62215,81550,75068,506648,93386,332310,202171,275775,364562,18044,131043,43708,471810,112245,359812,326153,269601,110359
2020-10-10T12:30,407536,269891,544439,238272,220870,412249,496628,173690,269546,21858,537884,52202,433722,519564,9298,62018,219924,432659,506078,353344,331731,259183,488212,83774,193293,339759,126959,463253,18996,500598,488255,309303,306993,548286,306934
2020-10-10T12:35,507560,286031,125419,87435,439434,63851,489530,486897,305368,388909,388562,539276,366975,159841,199355,14892,294750,400317,10478,328971,75710,373085,198215,280936,348225,180043,102776,243593,225073,85026,297745,411388,161667,325888,319337
2020-10-10T12:40,34603,434498,259582,544953,112243,23433,282922,403892,140670,115227,496577,469292,288397,212270,383654,189101,172570,353946,254074,300032,235574,319227,533975,436669,497102,302769,426844,141290,173343,159056,185563,336233,378580,297630,83334
2020-10-10T12:45,238708,334573,204811,385155,461341,379106,511759,474721,217368,185991,2187,183958,279096,66386,519410,29980,240703,314738,259713,381720,258658,420190,388213,224283,101181,539416,226337,504764,107740,21137,165118,145785,258654,78720,138519
2020-10-10T12:50,121034,334183,156361,330198,285167,549078,452405,35779,335004,256334,199071,536723,327384,519440,103831,516460,215881,148522,406798,378968,194011,167222,55621,148723,258219,252979,87765,144388,248911,211381,485229,296728,175529,244829,322797
2020-10-10T12:55,393648,23546,295529,474639,435091,546647,266307,6503,260417,15181,297410,25049,360079,433880,216987,38623,80323,476281,273733,420076,248549,249598,78732,202776,337097,25032,259454,319470,313051,34922,280932,447872,203799,465327,152048
2020-10-10T13:00,413936,218544,211477,311680,326789,56478,388559,421008,239651,209577,163578,390138,371251,260373,205322,487926,270046,213175,531856,371001,361441,209648,415577,149154,492261,238406,317682,78227,458719,55131,451051,224843,403314,349891,285658
2020-10-10T13:05,313921,440115,101230,194987,539686,347811,261339,318370,75038,546668,366555,232563,241997,274017,357698,444644,17902,420295,255300,148852,520493,438968,504313,34788,169885,98024,202077,481728,27310,141969,158965,235843,35271,445402,11185
2020-10-10T13:10,350897,460202,439912,404818,8417,238357,45713,100623,247866,299823,521163,545950,237098,391168,114446,220894,421317,292321,278828,220638,239896,416059,159055,398602,2899,388617,52362,16181,530034,526013,484312,448520,149043,138263,238399
2020-10-10T13:15,42536,103433,279336,521049,340788,254907,19687,444345,540580,465343,488847,161906,100522,133883,468608,117979,269934,222049,30890,2163,535675,267822,228279,251130,479329,164326,95396,307120,367272,286467,77920,171578,494680,81964,134689
2020-10-10T13:20,450295,175447,108142,137815,543806,240675,196558,125894,227777,229223,492805,484116,536759,429227,145548,264713,465834,542615,124411,297798,216338,429370,128994,465420,137199,478978,113774,336663,104087,215264,40268,238468,328333,449601,164907
2020-10-10T13:25,144965,259456,356144,417520,224176,523987,413239,164899,250282,298640,288514,52542,483715,546089,249434,415829,96561,401952,377545,195235,436028,473911,36104,514209,161947,305297,293713,84390,170878,379662,179243,388801,285643,411991,445826
2020-10-10T13:30,375900,395633,45913,33954,518866,533523,435528,474888,139305,102094,438837,546734,274549,500449,285105,86009,539488,319057,492028,21706,414376,103730,166028,46010,530482,136003,445100,489498,32432,446123,443440,338245,370079,8624,29370
2020-10-10T13:35,12033,256297,43421,54281,187225,59766,28752,366970,19505,526406,22632,166019,514687,358084,6554,108696,38785,480357,413310,459720,533234,71218,14610,357562,493337,479020,196092,311241,532061,48270,155833,22079,480540,174574,50110
2020-10-10T13:40,193037,124972,500772,334096,199261,198528,439312,197718,262564,294874,83178,468207,278511,351810,66047,362079,51035,272013,152832,386961,60025,377736,413267,123209,73268,542345,483162,525640,37408,338732,482942,302516,188809,537465,532291
2020-10-10T13:45,366343,46479,487088,263021,320832,26379,10675,349052,513276,50773,461331,274257,381658,259776,448826,370847,549529,251348,162361,258240,335371,108901,411762,54419,425735,544145,504215,87810,416438,295224,175147,48936,477627,387636,326423
2020-10-10T13:50,197523,219508,398525,390448,49308,392402,251232,353640,459744,242205,296684,246301,430926,447695,475103,38269,538634,55997,509746,537946,400238,233822,490525,493695,464031,487350,26021,233304,1733,223577,452620,414351,331570,355071,333387
2020-10-10T13:55,536459,218948,23924,65663,525550,408412,433525,482441,382727,494955,123351,108624,429628,193833,413017,524616,1222,230914,225400,499682,28690,340722,489278,451198,303937,60103,168032,59305,182772,457971,449720,130441,350683,260782,494794
2020-10-10T14:00,532587,30123,242596,339587,196403,246748,451263,102816,126938,334082,250280,405170,260333,24464,154644,386199,300681,167338,477567,51019,81274,21243,213352,221219,11892,162530,278829,215988,229253,490322,183013,367234,60169,354616,506541
2020-10-10T14:05,146769,174610,211033,504410,137938,53919,279749,435004,276945,406252,196313,516930,439782,528735,42930,258648,61799,111748,257974,45328,442386,33104,198185,515548,545715,237542,28968,269003,36212,297622,58230,275082,504246,88054,498414
2020-10-10T14:10,304036,334989,492162,42792,430228,46728,455597,332986,23021,299310,328721,361830,101983,468631,88879,124436,237790,53948,111104,390072,448582,37619,4760,522585,229309,524982,48236,401656,400979,542254,5142,88435,43788,163772,278570
2020-10-10T14:15,28519,202809,2796,176057,308468,525777,371395,428992,378806,411066,182886,428876,245288,4682,372493,18774,240837,295418,203946,205700,218217,119937,2708,412438,337678,247009,175673,179534,477680,386657,184265,328637,4776,307496,65250
2020-10-10T14:20,369154,520115,9772,16181,260191,414204,7232,262025,170184,157878,448015,111768,29651,397080,464222,352678,535014,173576,499884,427986,439242,545073,366521,351642,190628,85664,401980,493454,61694,277498,535762,150957,66137,259098,226262
2020-10-10T14:25,133838,233881,406299,84445,217801,447918,545430,166436,290528,119524,334103,117109,527228,352141,471503,356586,191977,426053,51954,305950,130313,543507,359145,472728,517826,68451,388468,155291,135045,148336,153735,374605,407235,454026,289857
2020-10-10T14:30,14436,220874,17187,427985,213299,319042,518168,459009,89565,143526,528517,204276,230253,145248,249318,373509,358071,172796,298283,380736,54761,397165,55034,155052,136100,409732,259119,501112,40947,71127,103531,180506,306140,466889,364778
2020-10-10T14:35,175287,218543,515054,444220,476047,450719,74949,403993,511251,310533,263460,165580,214105,210221,264232,177889,487067,316304,457732,236952,130590,49331,90994,413459,165401,491144,294647,350500,410923,225005,299638,344060,224501,173366,125005
2020-10-10T14:40,155217,120537,331847,97165,350480,187314,436327,97267,259960,101641,461622,277972,540463,539476,407064,525966,366827,348910,11535,41481,321186,445308,313966,87894,179219,86458,190815,74126,7677,224969,351852,246337,333060,496563,253685
2020-10-10T14:45,143488,40526,160772,252537,484175,231554,428883,357019,296759,381127,10708,78147,282464,368980,82737,48494,336773,431792,468557,394463,129376,148743,546754,113964,475624,220580,488031,132257,152140,220519,198043,455246,389709,107420,450229
2020-10-10T14:50,332956,519483,486300,533956,436760,446744,457185,136180,244266,376656,449367,127511,242584,368714,511514,450632,174940,544885,99253,289438,98302,341697,197293,100434,374837,538464,392296,311880,128155,541235,91185,320324,181104,444520,76229
2020-10-10T14:55,53497,178821,14745,177417,129643,260233,112771,519813,258371,298960,84292,62054,447912,280140,98881,136174,335901,442980,297150,144533,240868,540364,263197,59494,413548,546733,401924,301035,207444,470370,84140,238131,188659,91275,132467
2020-10-10T15:00,424841,214969,103394,7116,511835,261411,69106,156696,340966,501987,478624,2022,462013,239430,244462,305071,313033,288267,532974,13122,481644,66569,108091,350750,195228,182447,433633,203737,155184,230352,115491,389245,252690,299811,376362
2020-10-10T15:05,369853,440240,131007,199389,174116,361561,136351,176792,458230,242323,67236,362102,500920,114823,412594,148131,442005,50636,457632,230348,230864,228323,385496,103502,467663,53826,231891,451254,542316,28977,222709,171894,269057,94310,321727
2020-10-10T15:10,135707,380735,287971,481513,257518,498820,34112,116714,54661,374712,81482,111817,303854,91805,44372,9958,71353,93445,20975,528141,189541,143441,422967,358292,211334,475760,401549,433926,189469,549884,294154,339251,293345,479369,114015
2020-10-10T15:15,405239,80362,481072,359047,111625,219277,290906,533342,364147,523251,441916,231856,247916,520858,152393,530036,484271,481113,104308,48286,43036,31314,298618,104820,315820,192308,98267,227192,39701,409150,406827,167905,88363,86983,525399
2020-10-10T15:20,296544,255130,80536,109560,238863,167101,82000,181846,148912,345652,130652,113223,73436,226377,380217,449394,387699,291375,25888,250640,282936,161004,339983,519981,415319,49559,119181,299041,295707,184256,492491,331677,286522,26297,233733
2020-10-10T15:25,417561,530816,207420,135487,13238,278520,168340,52573,117989,352911,393300,315703,310107,530989,382326,530621,482364,342051,441114,535335,501241,145408,242449,318412,309179,424357,369333,366954,334955,140288,148807,209560,390828,360394,259207
2020-10-10T15:30,503697,356906,371609,174026,806,499695,116936,127310,386758,159575,393640,218890,350579,537767,26931,264599,519173,279971,343907,63504,8011,110634,32787,343453,320479,209978,128265,11457,238594,474889,300838,93086,548115,380055,234880
2020-10-10T15:35,506575,269451,375386,259125,488522,63579,375976,397077,170610,388883,365272,259075,409647,43922,179888,340327,345186,363824,79161,402661,198332,170168,353285,346603,231590,387407,342947,520795,161991,318436,175386,11085,128944,186309,538227
2020-10-10T15:40,442703,379486,152815,370851,55475,348469,422369,84677,311232,537808,277286,55361,51137,159075,532362,250819,104889,535153,432670,271794,506608,466576,335974,512053,521730,33700,541489,112540,454388,90496,10307,79562,537911,488047,258458
2020-10-10T15:45,372042,523375,473684,40171,337126,443714,355445,11472,234019,525300,80122,391755,143975,242514,177922,495502,197763,22769,31774,466564,259417,196503,481788,235100,473851,444854,500953,483032,78342,193153,441727,334056,518846,319507,358742
2020-10-10T15:50,44716,152811,410501,543912,199682,140242,283619,410574,116590,489068,364981,314844,505028,142231,116192,193088,173213,403473,346944,361764,37896,302915,380611,3294,295267,38213,486673,10129,136225,487911,31126,520661,247849,119582,125153
2020-10-10T15:55,9155,316625,143705,481198,199907,268192,498967,291719,489821,477961,508617,97504,216033,471319,417201,213514,392334,1428,229430,136933,251723,481707,225334,356722,97591,193736,255069,495659,468801,460054,220610,359836,418510,64906,24803
2020-10-10T16:00,402583,114993,231826,14997,315114,154150,322949,467781,56399,416306,118714,138956,22439,344895,359636,75522,378002,446330,204550,514085,247967,317016,483409,446609,326585,413143,455294,220784,377553,442220,539616,1936,46202,531341,309874
2020-10-10T16:05,336559,500521,427797,37999,337245,329751,136268,106337,70504,67192,469394,236364,156122,168060,316594,312653,232344,378279,285692,197594,417657,56352,220545,43255,118216,498297,424290,325517,346758,312307,416045,205280,468164,106487,366816
2020-10-10T16:10,445413,138090,385129,422871,508647,164260,304915,118230,267177,128540,103276,460944,516439,407196,441113,209985,467014,314826,138958,466136,260816,242025,469763,13561,64308,88046,371379,82469,95755,475263,52071,466531,382489,185845,396186
2020-10-10T16:15,386248,166702,421473,73956,91305,120693,431548,315439,42180,356886,477232,484428,454449,207252,101861,435403,270108,186794,453883,217649,292639,303112,356901,486253,434607,1769,48038,191668,335790,50660,538684,158237,468089,349584,50786
2020-10-10T16:20,103612,491275,126751,230958,376299,25309,151913,351705,344120,298318,3007,358758,317364,487515,81855,300434,20468,452321,245719,369401,519877,88606,219387,94450,452360,358139,485597,507527,169932,95095,506613,284263,197781,546219,433312
2020-10-10T16:25,317408,149219,248588,350374,356809,24284,518985,455486,191123,475814,308286,248925,424110,172071,528749,23125,82575,217892,488480,120493,334809,544875,232452,210189,9538,55146,347351,218612,251257,304689,129639,409998,246545,257509,163923
2020-10-10T16:30,395920,523268,525332,248404,402683,98333,508857,11989,484682,458505,176509,131053,38052,406783,3550,309651,142255,119533,389001,132654,306558,321692,180644,113432,317987,519775,492842,499244,513178,244599,222600,266070,28403,79794,144654
2020-10-10T16:35,182445,359069,164976,431962,398150,486809,433331,388399,260205,533104,69397,332697,105040,410836,184908,473410,221730,23251,456894,380876,63245,404390,59915,79997,542852,147875,354711,274202,391181,540371,179719,425052,335221,27992,123442
2020-10-10T16:40,295486,40024,64204,252652,53576,137024,208677,400136,310260,430419,100318,76856,293379,20226,91857,388944,198182,278527,83772,267313,338006,330722,130586,382536,305888,456637,290780,390026,273190,7310,344659,6465,307167,365601,231467
2020-10-10T16:45,401235,130396,117971,350899,66553,32969,446744,334810,83000,453201,481286,224977,303389,445260,509491,317078,470461,326355,471157,520217,184081,247637,244011,321038,446278,385005,492596,287694,429081,356872,303494,13375,94268,392600,53138
2020-10-10T16:50,297835,153828,434605,408814,399696,235332,548170,13303,76379,16502,263123,46227,333334,41174,235218,172483,27711,89120,50575,429623,219474,258574,155829,260320,296090,530830,359599,31690,99648,524280,194996,532741,468387,301553,413854
2020-10-10T16:55,41716,108316,149926,37817,310565,77979,429892,242342,51398,297996,336828,529700,435286,122681,422297,402317,173921,221678,77147,362569,529142,66006,210840,364303,381537,461673,105675,158369,358027,446604,323216,167232,293788,487787,430031
2020-10-10T17:00,111553,462584,81969,31670,82263,362438,273221,413153,9206,54333,281281,135863,401426,533554,291899,297936,376520,403525,363911,383451,294858,142461,397120,225464,100414,216812,290049,188846,486861,152288,322515,150126,74705,500916,401112
2020-10-10T17:05,228200,352609,131209,171171,281678,259035,505885,325193,94979,17081,335323,19153,147307,180496,151468,236747,295280,446962,425635,129998,336423,35864,25989,104614,399607,75055,47297,188151,462587,22300,38105,315948,166288,445659,25146
2020-10-10T17:10,394421,238386,69590,86088,124578,16414,442,71398,293882,390436,481079,362134,436480,357062,311381,411455,221203,261941,212719,397650,222205,23799,383611,521131,523532,182825,459353,490734,127931,91403,213151,18234,479908,268365,498588
2020-10-10T17:15,23859,409500,11633,303650,89088,234153,251537,433986,107141,40309,214677,379723,492329,378611,171389,274881,88249,523749,26239,120361,59857,489507,468848,367229,66162,152204,476525,209319,214490,412175,390681,499461,447527,268194,218150
2020-10-10T17:20,312462,127795,437057,376092,464687,191891,502712,174684,424095,9710,530784,401930,495846,373841,196283,214890,92024,166895,383973,297782,297240,71134,362956,392047,16615,426240,48572,532741,162300,157219,527697,156660,457353,269483,407179
2020-10-10T17:25,343702,448638,309037,255330,78339,73010,185909,265697,282943,113502,184276,1047,345506,171833,143725,34826,88995,544318,169030,337339,434283,180390,445921,387742,223300,331572,396316,326187,531232,203395,441833,351288,249008,472389,299817
2020-10-10T17:30,120760,49218,460819,427253,440843,152499,238276,412357,137268,469624,363616,223423,232840,150608,204251,2824,18928,24601,307744,14406,271945,132604,202824,469796,196703,9015,475872,356495,121534,327267,252637,388288,58852,150922,232622
2020-10-10T17:35,237281,509007,333598,542267,56223,52786,268379,445650,259352,73741,247589,432369,237470,68069,27834,255976,129955,195642,347635,261525,406567,32558,480468,447296,13178,450652,334306,241463,4592,525176,467205,296282,406490,66825,47729
2020-10-10T17:40,332209,130149,259027,20864,296968,22523,393218,66384,357489,434821,313628,414479,398441,380688,242624,306906,368845,436717,322913,424731,316103,87442,447993,54969,290079,88441,512419,543167,114138,368978,279189,373659,397078,509235,484003
2020-10-10T17:45,208523,397177,154663,30839,216051,391018,406293,241003,1495,12149,45860,123835,540641,73241,240338,269288,490722,28226,460597,86553,541477,173388,157198,523352,169612,243396,70806,318752,56315,506279,202065,531380,513737,8082,498405
2020-10-10T17:50,450329,97607,341567,144817,175745,174755,57215,538529,88160,21256,124907,423224,385122,358059,309836,547466,201880,7569,98411,91891,431026,51379,517175,195919,324578,125388,135240,376035,178683,283050,258673,206703,174779,247926,56971
2020-10-10T17:55,539381,251278,299665,43585,517179,317649,27827,515348,528558,170701,454622,345597,246669,267539,264366,168713,343076,128425,381286,371240,182768,6671,285352,59880,147536,41638,145618,59697,496762,397200,45223,105420,142576,183754,151835
2020-10-10T18:00,291173,11264,362098,322323,424734,271167,356558,457691,461534,96212,184757,490385,79842,128382,346135,110319,545732,448548,207022,433747,337523,163159,312779,313198,103536,269906,489122,359526,104871,63706,63257,191423,278704,388007,221521
2020-10-10T18:05,504349,351463,292158,1663,19965,229055,505117,148787,225042,526847,13191,1529,196859,191631,327051,48715,276365,330942,229290,412518,313228,471908,331731,267060,145698,230073,308768,254492,408000,193999,413571,306108,485375,98938,198949
2020-10-10T18:10,451894,70692,228354,480284,215887,484068,342314,72863,205535,40528,8772,351835,161669,420810,538708,484778,321460,417108,529486,53722,437979,34306,408229,182924,404957,175098,198542,318341,472802,81626,523702,351700,242399,211039,474757
2020-10-10T18:15,67438,312449,98535,196959,356761,49996,495766,541645,244477,245196,169000,422472,532353,457677,467611,463442,492324,90389,159028,492589,125310,460865,52708,458533,518612,425843,163858,342740,537871,326211,133474,271092,254115,17823,520546
2020-10-10T18:20,320177,283993,102386,157159,288515,137804,36673,317705,160279,329528,195974,487675,229234,285259,206874,121501,130764,506690,405481,104983,63867,548335,110805,26142,274600,290468,225741,371761,281498,35163,523746,462832,319983,251955,255114
2020-10-10T18:25,439126,288731,114718,539457,257181,400190,224131,368205,287200,545178,121854,545700,13089,35591,214178,249088,197125,272110,344906,132011,310515,319568,11979,407001,523324,119184,41422,4404,6795,14363,10354,192146,172339,52028,70659
2020-10-10T18:30,511379,455721,309700,167353,486829,539303,272132,370373,538133,333733,66307,410771,189830,99875,279110,413921,445252,62409,324791,310532,317059,212993,148569,60511,414914,247700,96882,432577,542666,137276,36921,320633,246935,308353,503467
2020-10-10T18:35,199485,95128,316271,38090,440190,312483,297505,238685,362726,137131,393847,173635,34920,304778,362233,383363,385257,283733,77980,380410,254252,324591,28874,427729,158933,118140,400124,115519,208541,222437,498383,152791,412662,147536,326301
2020-10-10T18:40,320128,254129,108815,282258,82113,546168,100345,289034,335618,134694,390460,84086,458231,514113,168055,311902,323046,85601,429492,384681,308294,236354,55818,204490,85832,197986,417864,228594,149306,268313,461679,206766,479894,480968,204430
2020-10-10T18:45,517206,16894,523717,262597,367129,74678,210198,10597,330842,205042,90048,268570,450569,425075,109897,69578,151289,103579,323557,503515,481859,168065,305527,379207,406360,220560,525572,48299,259381,93533,300990,48183,131416,377796,278219
2020-10-10T18:50,273065,547875,206785,155654,264373,239392,420751,385602,498242,88406,189945,193541,45043,363203,412461,376403,69069,531101,259440,116803,339900,446314,38423,500067,54493,334587,74694,321289,520574,37768,124097,540525,404291,65011,124995
2020-10-10T18:55,405683,524003,492246,20986,219130,421255,192553,6391,250021,232910,214299,379629,101721,221945,294405,390699,108771,403063,266269,222987,93458,179709,474801,410482,12006,430727,262055,474541,446032,328991,368087,399803,236828,179450,5577
2020-10-10T19:00,28343,310870,38049,476916,441383,237888,360540,230802,419833,245422,332543,183828,446358,332865,471459,269503,111606,105570,3493,315756,15351,337059,59436,185203,507115,218710,185324,80129,205024,332839,181689,206780,206987,388522,371929
2020-10-10T19:05,157606,509628,116558,288282,247259,513265,506523,514239,129385,16796,532146,388228,364529,399630,17929,167018,285378,153705,338079,343519,188805,389908,53972,50416,257409,261839,72574,373530,395780,220138,38286,199488,397658,463933,441212
2020-10-10T19:10,182269,242147,317658,67711,242019,110718,443392,55799,103761,509076,491281,179660,216774,410283,33962,367959,49414,282159,285895,447052,163703,218738,264197,385326,124341,396189,460997,205320,128214,47964,27858,548052,276047,530968,70199
2020-10-10T19:15,266906,76126,281360,78404,469309,480776,508596,124102,377549,96822,132195,379279,199239,501859,301380,257841,213481,285146,459085,442101,221388,223444,267425,384993,51420,291981,547956,10569,227825,270179,306223,515663,547651,100432,472435
2020-10-10T19:20,272865,159337,69232,108652,192214,547714,350814,388771,466015,202831,208910,270095,188355,399168,342714,536315,338815,492907,442453,490691,152388,77909,85261,474671,281319,287757,79814,154404,469573,502889,302771,415509,142470,166831,471957
2020-10-10T19:25,75827,525498,143398,244643,409936,263571,274106,349471,509221,214035,372908,82678,313202,72297,511241,449735,523735,65110,328159,23042,97593,138011,468936,282537,173277,399829,205449,510239,488010,387119,492114,443343,337774,214248,412237
2020-10-10T19:30,270880,124156,233490,2736,116696,199986,201743,351351,40430,142076,469482,506689,323647,371213,15606,517791,31379,8038,135916,127433,455801,200118,35365,385498,353314,234268,251521,309111,497704,16022,223917,273237,37615,384388,484515
2020-10-10T19:35,91749,532660,38835,223641,542400,389024,403564,314997,107477,492789,363295,532265,420900,128108,19052,180841,518271,407940,236290,235106,234469,445341,116489,328737,70532,521662,216588,279341,450495,3618,538915,202716,413708,259994,311587
2020-10-10T19:40,533601,47544,395791,229706,369989,305545,136319,128264,228728,111819,249229,61431,314035,166925,105168,469137,276550,515099,507240,240634,281465,286495,336719,27967,428622,234976,191249,262987,198487,462616,376496,54078,2105,211320,311824
2020-10-10T19:45,259439,531055,90413,234825,113311,275127,272798,479652,108482,497888,37446,254510,396738,27296,386444,413693,412721,211727,469657,162851,503612,134214,91241,467320,88837,408413,326397,262416,19967,110264,222216,184165,235443,316295,233330
2020-10-10T19:50,466555,151161,176430,28781,526501,304502,127187,203469,82966,494847,369957,295163,104903,148545,155252,147733,310309,532136,197752,234671,159758,510901,121926,455952,2962,400061,447358,116772,180119,62229,517981,498636,145033,485568,539841
2020-10-10T19:55,524137,26962,394718,282347,289636,292498,299737,332141,297583,128039,281241,492069,244741,137163,215356,120997,383503,259152,396139,31508,113151,12156,68390,444357,142674,469538,374020,431253,415903,506460,295028,199080,338450,295093,246635
2020-10-10T20:00,267896,520348,205643,423082,210364,71356,115259,449875,306565,392252,144668,385356,9121,402559,356580,216794,219305,221958,519054,279344,331987,232444,115182,408404,363599,376317,295018,458306,380265,292823,396565,538389,483709,30107,405064
2020-10-10T20:05,195027,177184,6285,399231,311219,105076,11462,323955,364901,236255,438363,26369,296205,528560,413010,301380,127742,177738,85371,368364,520654,131168,371533,479298,169494,121897,106720,187355,378285,2121,25123,124667,391165,255833,199640
2020-10-10T20:10,288393,301859,100578,497566,295192,512802,275030,462000,100105,521659,472695,511879,313659,463663,482067,406301,542659,86370,411326,58030,313417,351790,300255,192328,175572,333691,154752,105768,166629,119864,460171,284518,133380,410436,447655
2020-10-10T20:15,479085,21020,56608,367937,337604,549764,384220,171375,292686,281150,506795,115299,535509,413035,517776,433146,372173,134927,259460,131615,174630,278540,274137,511686,181932,90709,54897,426186,453788,367209,332151,386131,90844,433045,362953
2020-10-10T20:20,481895,249827,16112,236650,70334,235902,53952,525378,476344,405060,137384,528172,29745,232842,321939,72136,154651,273950,168392,305257,120813,310483,693,111802,326859,493823,5867,348966,32285,524726,122490,195550,375126,493159,423606
2020-10-10T20:25,80156,120376,368127,115979,309545,335467,126329,104510,72451,420320,383579,458090,397012,168618,138005,172966,373350,67242,59159,265140,379769,116584,217645,224176,528846,442458,162190,65598,59322,472018,538198,213872,110511,32251,299266
2020-10-10T20:30,320900,546154,108830,60144,238063,64720,222233,265132,93620,536670,456913,493616,65394,235251,102743,36365,168050,151100,415510,353718,300989,511520,530785,142557,423488,289816,360997,279893,257957,451064,133805,281073,66220,32581,416017
2020-10-10T20:35,96049,247133,349275,399707,434618,169873,135722,467058,139317,216116,404522,249354,71525,265548,422537,346417,496117,163231,159547,247800,159418,30541,42246,513610,330352,260839,55192,509118,448579,395186,6893,15735,440208,375611,427991
2020-10-10T20:40,320517,520879,47307,385961,412481,121463,412894,298254,338532,22060,278896,178473,520920,266685,97404,95456,426127,273379,517090,459703,422463,406810,52536,365729,309888,5049,357990,480592,449495,378786,382077,115746,139503,396375,94006
2020-10-10T20:45,105854,67927,549570,270831,115644,411456,370368,3826,47293,207798,344006,302452,167406,94648,470826,322575,24869,158596,256541,374128,323122,375545,381655,187578,211574,68060,299413,43469,456992,29351,351639,297399,535316,276948,333744
2020-10-10T20:50,524520,410765,121515,281619,5980,401552,337189,363672,546199,277638,522620,352373,520737,185717,371603,178180,343592,250204,80383,329426,497374,228942,65466,506450,343058,422464,351806,33006,517990,43257,290427,45162,301472,206433,332250
2020-10-10T20:55,515610,392271,531837,480768,86326,182100,2235,398070,429835,56157,307118,412582,314459,109658,163812,533269,372971,147123,67660,264403,529597,359057,91979,147878,134425,371322,327756,336158,474942,222245,229052,130074,245754,216858,450605
2020-10-10T21:00,547529,53426,364221,316204,349410,137651,157491,251959,96008,459466,518271,20461,136838,6,483702,325943,67059,277884,371110,529309,66861,68712,135971,467796,291596,63260,269319,158991,274345,293579,152877,74362,152483,167080,26333
2020-10-10T21:05,262102,202574,330440,344770,45107,546092,237256,354305,221001,336569,331831,191363,109830,502121,334687,104032,1236,17172,474711,77319,396809,378520,104612,453031,447783,407454,145013,275500,173440,434382,373820,68423,166033,284911,94026
2020-10-10T21:10,455242,348702,156557,279877,259810,390269,104274,266912,193255,254809,495950,497349,531385,461610,169641,47017,69845,195350,326206,474600,49998,443868,176763,90386,34455,235537,165008,303730,193319,409044,266345,12852,393434,138453,102416
2020-10-10T21:15,544649,397416,81064,325304,392653,106966,33768,120315,418179,123502,45083,346623,231567,4827,420695,473948,441167,493121,133529,104236,28176,246038,175310,519567,26625,423991,127345,139063,114370,522007,514638,382060,406453,189469,181657
2020-10-10T21:20,177763,162350,509183,446499,504435,447156,126313,294222,207994,248443,77713,293228,368997,321348,311788,431688,427582,93898,387056,306130,428262,140084,344083,524738,192656,353373,227052,98412,34808,216858,374758,522153,233963,271095,495131
2020-10-10T21:25,481566,413598,425282,481940,18129,196384,19253,265354,456576,111761,92146,171419,113117,97798,219111,417927,422270,417055,328629,468900,398194,417698,477217,462174,262700,411894,411021,413895,37217,188998,43412,331077,103400,403898,358871
2020-10-10T21:30,446969,411706,154377,495864,39344,225886,9200,538840,233865,445727,180338,390641,499787,252024,341015,301543,182148,74903,501641,66806,159161,215837,177507,33855,289451,328711,162585,523492,493221,549829,275369,519211,682,540297,197471
2020-10-10T21:35,215438,427970,35691,463329,208480,282000,22273,38420,158193,440436,295037,104463,294439,379718,537667,252416,473112,468336,499473,157829,128585,292401,197883,503916,318395,516448,467206,355241,188235,22118,426414,145458,471796,141144,57618
2020-10-10T21:40,397048,46605,2667,56533,508359,255245,479890,448409,64448,506969,351052,268693,49201,314751,270982,256646,392947,73882,67551,220448,309895,500488,202638,262919,27278,295663,71220,52019,177237,450252,276783,27064,492822,63474,48223
2020-10-10T21:45,370648,390457,504368,87016,30514,204515,212275,240255,305384,96029,13632,424738,235545,234254,348923,18931,206259,242541,61127,132112,252108,151598,386780,130121,276439,77755,59879,347515,297316,516914,8107,119963,303506,365165,260163
2020-10-10T21:50,505997,2922,63485,6497,244282,56570,106736,498346,288291,55171,204503,374568,24583,521071,169464,481900,141519,272492,93802,427902,308392,215296,549939,461134,22813,153170,294435,258533,493991,124281,42233,522289,269133,541566,451158
2020-10-10T21:55,244826,30742,542324,30905,257931,319493,257250,75965,58961,466910,371119,372660,74789,159935,486012,425131,488313,200827,86891,98209,285310,525772,60767,204853,346182,330840,270423,46566,540328,134972,104081,466104,218003,278852,462465
2020-10-10T22:00,525846,140662,13797,549665,140319,514086,128788,35111,14579,401687,452438,166138,16299,257527,24110,158159,2545,167950,142144,218984,1108,180029,167968,278710,421512,234432,42363,257773,107879,509692,168205,52221,386591,100952,140115
2020-10-10T22:05,281115,235915,518031,455631,280755,441182,1851,40286,453466,192930,302741,394598,341817,436898,92067,513318,295710,113533,154810,24459,90941,440815,364975,365486,73717,517551,295658,334839,484117,168419,500499,362983,264939,116060,454402
2020-10-10T22:10,106802,267812,517120,369768,470252,514567,457728,442483,95127,444766,284228,187216,120346,509928,344088,46173,39399,352202,30260,540289,516347,451305,536839,370155,310049,169651,347137,83429,290955,349131,336212,420194,361709,75919,292010
2020-10-10T22:15,241174,529694,351173,309282,190949,68790,43609,398251,196298,205713,505907,148163,80077,267857,521899,534196,82819,89962,122569,210668,322044,483764,58046,27419,469814,430333,353157,360100,197285,463650,508487,461553,101798,110945,456905
2020-10-10T22:20,377668,72384,275052,548397,168474,161646,441914,244033,154854,388111,91704,269114,126028,432154,269580,386976,94373,500709,335020,11977,115104,306858,351454,385998,497571,438387,119870,307797,452807,180257,486119,412717,339319,79094,218356
2020-10-10T22:25,526850,542501,311376,170947,449290,383491,107106,109861,361919,260541,234736,286132,45721,168991,479590,129373,173860,74694,119897,139413,200108,329134,176334,209481,414390,64606,97070,502245,247763,331129,172509,151155,538713,100288,534894
2020-10-10T22:30,296141,459060,174651,510586,48571,108989,80577,426729,531156,211254,263499,257069,195603,281143,332457,73902,465943,242881,522946,481292,168909,28787,397474,348568,410202,514219,197586,227059,515607,100575,374298,513317,219210,53918,253688
2020-10-10T22:35,211585,334697,257538,376277,115610,391093,4053,81347,331617,504237,49053,239307,220957,330981,171509,249463,205674,260110,141705,445532,76102,448993,281960,343827,191186,426005,9025,231993,513365,451538,202499,408080,325134,519722,127695
2020-10-10T22:40,449779,130341,473233,13402,446142,146446,340215,1572,505959,143379,425873,243348,181201,386368,144584,390914,308548,307375,379519,325878,271604,100351,448749,187852,205697,433260,303083,433945,357541,272654,420566,9114,278059,318401,522084
2020-10-10T22:45,726,25535,48773,242029,414808,354225,76857,345324,34750,372579,351782,518049,113976,513402,38491,502234,391314,333255,291373,278917,489308,355516,385976,65954,176147,474603,227003,431866,288911,505561,280231,184057,547020,478716,237480
2020-10-10T22:50,522256,20100,87770,37944,253394,450548,321726,426375,140606,224277,93453,227699,173165,221222,202596,486490,319580,175759,61846,540374,512454,480582,235977,182950,112609,14245,68893,178413,112529,409707,186478,20165,55240,81037,542409
2020-10-10T22:55,252474,398901,415117,34793,354145,239407,234999,164018,272347,20336,479870,123997,314344,304592,491028,337100,268417,165454,253256,39620,2835,102561,540331,532444,4949,434717,372254,432634,255148,437915,277227,325119,450864,36925,18031
2020-10-10T23:00,406764,484108,60511,449734,414980,10256,99256,72085,443872,203596,321837,348615,407722,68714,184148,417342,83500,91998,190913,501861,232516,499685,146134,517668,380215,128188,348556,218281,98270,324657,179059,23571,341332,236466,488679
2020-10-10T23:05,304327,489605,260307,235945,299891,281259,444204,470450,297270,58892,422963,296321,467559,371023,74699,243088,406810,23983,472656,70510,382753,260426,297118,363108,25369,225332,270272,304227,533425,540893,216027,35339,487156,531334,234209
2020-10-10T23:10,371387,529906,377209,96388,340778,29664,266380,505918,526820,141136,11190,169384,118603,444646,502471,497010,19367,136288,509345,153950,502010,474826,484407,41622,365354,215847,214993,25104,213006,213368,14440,248264,126163,449183,173698
2020-10-10T23:15,139431,349506,510174,545338,476104,179948,218038,383516,350559,145683,528744,352896,306831,534565,17669,465294,548382,42434,396299,281486,231914,462594,22817,494575,269384,538961,42105,542053,548533,447291,48331,369561,295926,57479,62126
2020-10-10T23:20,500678,75243,525087,83582,334243,65881,359676,486642,304170,523370,68084,452525,266372,277390,466480,353520,10429,101720,202961,136344,518410,143574,369252,383545,258642,336247,207538,47265,537902,310420,335436,208428,342925,339717,30400
2020-10-10T23:25,471425,315106,193179,272870,119193,19927,540991,295940,496137,110895,385865,373463,468920,453304,365085,60288,374472,14457,434399,110411,143518,22409,419577,406022,232889,41620,324035,146810,304724,164055,59403,130774,97847,78712,106418
2020-10-10T23:30,69344,170165,257803,331725,217053,453829,128,123381,491482,195379,190260,160928,230574,113648,115864,437390,189528,239289,38456,459156,389117,548872,116960,244469,42736,483714,288253,480468,467662,517780,176225,429981,410668,453723,150727
2020-10-10T23:35,78466,441255,496402,386100,425481,162474,503418,165370,123779,68404,519051,14451,329138,375936,410035,227285,409726,437428,273768,347565,521490,166691,536349,255736,353672,156392,451754,276731,216497,454973,333418,320544,39329,167417,261253
2020-10-10T23:40,132602,15538,55204,124476,355157,283837,201253,259581,189316,61699,102284,393970,374063,482741,64447,444022,546455,31739,129044,137447,337162,80387,28112,139270,458989,165600,372951,186685,159412,328061,475224,301729,157088,497947,67696
2020-10-10T23:45,161261,420248,397367,529648,486794,346550,246993,455344,155473,358234,341161,421860,470337,402055,306638,374297,424426,431268,415082,213222,75866,151046,119448,138446,337968,513371,126319,387776,339353,95089,107836,516143,400105,456153,431935
2020-10-10T23:50,211034,381237,142514,77840,238215,121421,193370,97006,300707,309042,506187,5572,317128,442771,377735,500952,252225,22604,512292,445266,226086,453768,377942,634,323232,21945,535711,398096,320993,47115,55841,458632,439126,257298,37847
2020-10-10T23:55,463480,10512,18445,256385,396022,402265,540227,379009,528736,364196,113163,260207,256081,512259,389331,433903,235317,334715,376670,102192,463098,142172,122242,39971,531525,99015,437258,407608,236742,127097,144664,14667,178397,126561,459655
2020-10-11T00:00,548807,265960,3263,373088,328156,252719,536830,42970,79930,379764,172595,473095,543927,180998,285560,497605,528291,159142,372649,390548,199451,136215,3534,440100,148117,130924,197929,145665,215534,548082,430493,485410,278196,345773,219889
2020-10-11T00:05,369636,36452,179373,501630,190965,157533,388008,98335,276850,241455,122152,366271,317863,157463,76641,234783,530200,545731,407614,214560,325418,143693,318537,345640,188513,290321,466143,462762,342611,230015,113173,239308,344525,109015,495525
2020-10-11T00:10,223026,538042,468156,504277,283975,161111,269983,514088,464292,100374,13257,17278,529104,313207,49020,196781,176602,332362,125758,304930,405912,463565,470779,61566,352095,28126,279729,131594,297139,319306,9823,348996,363445,289363,164767
